,City,Cloudiness,Country,Date,Humidity,Lat,Lng,Max Temp,Wind Speed
0,Coihaique,0,CL,1562383900,87,-45.58,-72.07,42.8,3.36
1,Te Anau,0,NZ,1562383901,75,-45.41,167.72,44.33,2.91
2,Chuy,64,UY,1562383902,71,-33.69,-53.46,46.67,17.54
3,Saldanha,35,PT,1562383903,81,41.42,-6.55,59.63,2.04
4,Amudat,52,UG,1562383904,85,1.95,34.95,64.13,0.87
5,Port Macquarie,75,AU,1562383905,87,-31.43,152.91,66.0,10.29
6,Sur,100,OM,1562383905,43,22.57,59.53,92.57,3.38
7,Busselton,67,AU,1562383906,72,-33.64,115.35,59.0,24.11
8,Celendin,46,PE,1562383910,93,-6.87,-78.15,42.35,5.86
9,Zhangjiakou,14,CN,1562383914,52,40.77,114.88,59.81,24.9
10,Tripoli,0,GR,1562383917,72,37.51,22.37,75.0,6.93
11,Bluff,92,AU,1562383918,78,-23.58,149.07,65.93,26.13
12,Rikitea,100,PF,1562383919,71,-23.12,-134.97,68.27,24.38
13,Talnakh,0,RU,1562383920,51,69.49,88.39,59.0,22.37
14,Puerto Ayora,67,EC,1562383920,95,-0.74,-90.35,70.0,8.19
15,New Norfolk,20,AU,1562383922,66,-42.78,147.06,55.4,6.93
16,Anadyr,20,RU,1562383923,81,64.73,177.51,51.8,31.32
17,Hauterive,40,CA,1562383923,82,49.18,-68.27,77.0,16.11
18,Ponta do Sol,80,BR,1562383924,94,-20.63,-46.0,56.93,7.38
19,Port Alfred,4,ZA,1562383925,53,-33.59,26.89,59.0,8.01
20,Lebu,90,ET,1562383926,87,8.96,38.73,55.4,6.93
21,Araouane,32,ML,1562383928,40,18.9,-3.53,90.95,13.56
22,Qaanaaq,33,GL,1562383929,59,77.48,-69.36,41.27,2.17
23,Vaini,90,IN,1562383930,88,15.34,74.49,73.4,17.22
24,Boueni,90,YT,1562383933,88,-12.9,45.08,78.8,10.29
25,Chokurdakh,71,RU,1562383935,47,70.62,147.9,57.29,12.71
26,Arraial do Cabo,100,BR,1562383936,79,-22.97,-42.02,66.65,13.4
27,Punta Arenas,0,CL,1562383937,75,-53.16,-70.91,42.8,23.04
28,Yar-Sale,29,RU,1562383938,47,66.83,70.83,58.55,22.7
29,Bambous Virieux,40,MU,1562383939,69,-20.34,57.76,73.4,10.29
30,Hermanus,8,ZA,1562383940,89,-34.42,19.24,53.01,27.78
31,Ancud,90,CL,1562383941,100,-41.87,-73.83,42.8,5.82
32,Ushtobe,0,KZ,1562383942,19,45.25,77.98,89.69,9.62
33,Geraldton,75,CA,1562383942,42,49.72,-86.95,66.2,6.93
34,Sisimiut,99,GL,1562383773,86,66.94,-53.67,40.91,12.33
35,Castro,90,CL,1562383945,100,-42.48,-73.76,42.8,5.82
36,Hobart,20,AU,1562383949,66,-42.88,147.33,55.4,6.93
37,Sioux Lookout,90,CA,1562383882,51,50.1,-91.92,60.8,5.82
38,Albany,40,US,1562383883,69,42.65,-73.75,81.0,10.29
39,Ushuaia,40,AR,1562383952,86,-54.81,-68.31,37.4,24.16
40,Khatanga,85,RU,1562383954,53,71.98,102.47,51.71,13.67
41,Saskylakh,100,RU,1562383954,84,71.97,114.09,41.27,10.98
42,Atuona,18,PF,1562383956,80,-9.8,-139.03,81.23,20.13
43,Marystown,86,CA,1562383957,90,47.17,-55.16,51.17,3.6
44,Thompson,40,CA,1562383958,59,55.74,-97.86,62.6,2.24
45,Hilo,90,US,1562383959,65,19.71,-155.08,82.4,13.87
46,Cabo San Lucas,5,MX,1562383901,37,22.89,-109.91,87.01,6.93
47,Bafia,100,CM,1562383963,98,4.74,11.22,68.09,2.39
48,Gobabis,0,NA,1562383965,29,-22.45,18.97,33.8,1.12
49,Asosa,100,ET,1562383966,93,10.07,34.53,65.03,4.97
50,Senanga,0,ZM,1562383967,49,-16.1,23.3,50.63,4.85
51,Dehloran,0,IR,1562383968,10,32.69,47.27,82.67,10.0
52,Longyearbyen,40,NO,1562383968,66,78.22,15.63,55.4,13.87
53,Suncuius,65,RO,1562383969,93,46.93,22.53,57.2,5.82
54,Vestmanna,100,FO,1562383970,81,62.16,-7.17,44.6,19.46
55,Carnarvon,0,ZA,1562383970,59,-30.97,22.13,43.43,7.65
56,Codajas,0,BR,1562383970,96,-3.84,-62.06,73.85,2.17
57,Nanortalik,65,GL,1562383971,77,60.14,-45.24,42.17,6.6
58,Nouadhibou,0,MR,1562383971,82,20.93,-17.03,68.0,20.8
59,Tazovskiy,0,RU,1562383971,62,67.47,78.7,51.53,21.0
60,Jamestown,38,AU,1562383971,55,-33.21,138.6,65.57,17.27
61,Pochutla,40,MX,1562383972,78,15.74,-96.47,82.0,6.93
62,Farrukhnagar,40,IN,1562383972,74,28.45,76.82,90.0,4.7
63,Petukhovo,100,RU,1562383973,98,55.06,67.89,59.45,8.57
64,Cherskiy,99,RU,1562383973,74,68.75,161.3,62.51,8.37
65,East London,0,ZA,1562383977,53,-33.02,27.91,46.67,4.99
66,Hithadhoo,96,MV,1562383978,71,-0.6,73.08,83.93,8.81
67,Laguna,20,BZ,1562383979,94,16.17,-88.94,80.6,2.39
68,Mogocha,0,RU,1562383979,34,53.73,119.76,76.19,4.97
69,Avarua,0,CK,1562383979,60,-21.21,-159.78,73.4,17.22
70,Ulladulla,90,AU,1562383980,67,-35.36,150.48,63.0,8.05
71,Bredasdorp,38,ZA,1562383980,87,-34.53,20.04,53.01,4.7
72,Caravelas,0,BR,1562383980,85,-17.73,-39.27,75.65,11.56
73,Bundaberg,40,AU,1562383981,60,-24.87,152.35,73.0,21.92
74,Tuktoyaktuk,90,CA,1562383981,87,69.44,-133.03,51.8,25.28
75,Hibbing,1,US,1562383981,64,47.43,-92.94,68.0,4.7
76,Tuy Hoa,12,VN,1562383981,47,13.08,109.3,90.95,12.35
77,Cape Town,75,ZA,1562383788,76,-33.93,18.42,55.99,12.75
78,Barreirinhas,10,BR,1562383982,97,-2.75,-42.83,74.39,5.61
79,Wawa,100,NG,1562383982,93,9.9,4.41,72.77,3.09
80,Alofi,0,NU,1562383983,65,-19.06,-169.92,77.0,16.11
81,Kirakira,95,SB,1562383983,65,-10.46,161.92,83.75,16.22
82,Atar,0,MR,1562383984,25,20.52,-13.05,92.75,6.33
83,Gotsu,20,JP,1562383763,83,35.01,132.22,77.0,11.41
84,Upernavik,100,GL,1562383984,74,72.79,-56.15,42.35,9.73
85,Jalu,0,LY,1562383984,63,29.03,21.55,74.57,8.3
86,Pak Phanang,20,TH,1562383909,56,8.35,100.2,93.2,2.24
87,Kapaa,1,US,1562383802,74,22.08,-159.32,82.4,6.93
88,Kodiak,1,US,1562383985,78,39.95,-94.76,77.0,2.84
89,Devils Lake,1,US,1562383985,72,48.11,-98.87,64.4,6.93
90,Kade,100,GH,1562383985,97,6.1,-0.84,72.05,1.9
91,Port-Cartier,75,CA,1562383985,93,50.03,-66.88,60.01,6.93
92,Rawson,0,AR,1562383986,68,-43.3,-65.11,40.01,10.74
93,Portland,40,US,1562383474,69,43.66,-70.25,75.99,4.7
94,Victoria,75,BN,1562383986,66,5.28,115.24,89.6,4.7
95,Camacupa,13,AO,1562383986,60,-12.02,17.48,50.99,1.61
96,Pasighat,99,IN,1562383986,93,28.06,95.33,76.01,1.86
97,Bethel,40,US,1562383987,54,60.79,-161.76,84.2,13.87
98,Mataura,43,NZ,1562383987,80,-46.19,168.86,52.0,8.01
99,Butaritari,61,KI,1562383987,71,3.07,172.79,84.83,7.11
100,Tasiilaq,6,GL,1562383987,86,65.61,-37.64,41.0,5.82
101,Ribeira Grande,30,PT,1562383988,75,38.52,-28.7,69.17,7.11
102,Kahului,40,US,1562383989,55,20.89,-156.47,87.8,11.41
103,Provideniya,0,RU,1562383989,68,64.42,-173.23,59.09,6.4
104,Esperance,90,AU,1562383991,71,-33.86,121.89,53.6,19.46
105,Iqaluit,90,CA,1562383991,100,63.75,-68.52,37.4,9.17
106,Cottonwood,1,US,1562383768,13,34.74,-112.01,82.4,6.93
107,Flic en Flac,40,MU,1562383993,69,-20.27,57.36,73.4,10.29
108,Iracoubo,100,GF,1562383993,95,5.48,-53.21,74.57,3.33
109,Maragogi,0,BR,1562383993,94,-9.01,-35.22,69.89,4.47
110,Adjumani,100,UG,1562383994,93,3.38,31.79,67.91,0.96
111,Mar del Plata,33,AR,1562383994,82,-46.43,-67.52,39.47,13.24
112,Lethem,100,GY,1562383994,86,3.38,-59.8,76.19,8.68
113,Ballina,100,IE,1562383995,94,54.11,-9.15,57.99,3.0
114,Mount Isa,40,AU,1562383995,56,-20.73,139.49,71.6,9.17
115,Havre-Saint-Pierre,75,CA,1562383995,87,50.23,-63.6,59.0,5.82
116,Norman Wells,75,CA,1562383995,56,65.28,-126.83,71.6,3.36
117,Lavrentiya,0,RU,1562383996,46,65.58,-170.99,68.63,6.82
118,Vuktyl,100,RU,1562383996,76,63.86,57.31,57.11,5.95
119,Ahipara,58,NZ,1562383996,100,-35.17,173.16,60.01,11.56
120,Bilibino,35,RU,1562383996,29,68.06,166.44,72.95,13.06
121,Mahebourg,40,MU,1562383997,69,-20.41,57.7,73.4,10.29
122,Aiken,1,US,1562383997,100,33.56,-81.72,75.2,8.81
123,Annigeri,100,IN,1562383997,76,15.43,75.43,74.93,21.79
124,Airai,0,TL,1562383997,43,-8.93,125.41,81.05,4.83
125,Broken Hill,33,AU,1562383854,40,-31.97,141.45,69.8,19.46
126,Sangar,100,RU,1562383997,88,63.92,127.47,54.41,4.45
127,Sao Joao da Barra,68,BR,1562383998,90,-21.64,-41.05,64.85,2.04
128,San Patricio,0,PY,1562383998,77,-26.98,-56.83,36.05,4.38
129,Launceston,88,AU,1562383998,67,-41.43,147.14,60.01,3.36
130,Deputatskiy,100,RU,1562383998,64,69.3,139.9,55.49,14.97
131,Edgewater,1,US,1562383999,94,28.99,-80.9,80.01,3.36
132,Fort Nelson,75,CA,1562383999,38,58.81,-122.69,75.2,3.36
133,Yatou,75,CM,1562383999,100,3.63,9.81,77.0,2.24
134,Cidreira,100,BR,1562383999,78,-30.17,-50.22,47.75,20.85
135,Rio Gallegos,0,AR,1562384000,75,-51.62,-69.22,41.0,11.41
136,Chernyshevskiy,100,RU,1562384000,41,63.01,112.47,62.69,5.06
137,Okhotsk,100,RU,1562384000,89,59.36,143.24,49.01,9.75
138,Tura,100,RU,1562384000,94,64.27,100.22,53.69,7.02
139,Kribi,99,CM,1562384000,88,2.94,9.91,77.81,15.01
140,Wittmund,75,DE,1562384001,82,53.58,7.78,60.01,6.93
141,Evensk,0,RU,1562384001,56,61.92,159.24,60.17,8.68
142,Karratha,0,AU,1562384001,33,-20.74,116.85,73.13,14.07
143,Nikolskoye,90,RU,1562384001,93,59.7,30.79,55.0,6.71
144,Sobolevo,36,RU,1562384002,93,54.43,31.9,45.05,10.16
145,San Policarpo,76,PH,1562384002,72,12.18,125.51,84.29,9.75
146,Saquena,0,PE,1562384002,96,-4.67,-73.52,72.05,0.0
147,Verkhnyaya Inta,100,RU,1562384002,90,65.99,60.32,58.55,12.97
148,Shahrud,0,IR,1562384003,42,36.42,54.97,59.45,5.28
149,Kokkola,75,FI,1562384003,93,63.84,23.13,55.0,4.7
150,Sola,15,TZ,1562384003,66,-3.17,33.8,63.59,3.58
151,Codrington,75,AU,1562384003,68,-28.95,153.24,68.0,11.41
152,Kalakamati,0,BW,1562384004,33,-20.59,27.31,51.35,8.46
153,Dikson,0,RU,1562384004,84,73.51,80.55,36.41,17.67
154,Pokosnoye,100,RU,1562384004,95,55.53,101.05,61.25,6.93
155,Seymchan,69,RU,1562384004,37,62.93,152.39,68.99,10.83
156,Coquimbo,90,CL,1562384004,93,-29.95,-71.34,55.99,3.36
157,Mehamn,100,NO,1562384005,98,71.03,27.85,43.79,6.64
158,Oranjemund,1,ZA,1562384005,95,-28.55,16.43,55.31,12.48
159,Ilulissat,90,GL,1562384005,70,69.22,-51.1,46.4,1.12
160,La Ronge,20,CA,1562384005,52,55.1,-105.3,64.4,5.82
161,Naze,73,NG,1562384005,97,5.43,7.07,71.69,3.83
162,Kandrian,35,PG,1562384006,69,-6.21,149.55,83.21,9.66
163,Amapa,13,HN,1562384006,98,15.09,-87.97,67.73,2.06
164,Luebo,0,CD,1562384006,39,-5.35,21.42,63.41,1.99
165,Barrow,0,AR,1562384006,64,-38.31,-60.23,33.53,8.37
166,Yellowknife,75,CA,1562383940,72,62.45,-114.38,64.4,8.05
167,Bereda,0,ES,1562384007,100,43.27,-7.54,62.01,2.24
168,Cayenne,90,GF,1562384007,100,4.94,-52.33,73.4,3.27
169,Lardos,0,GR,1562384007,51,36.09,28.02,82.4,11.41
170,Luderitz,0,NA,1562384007,93,-26.65,15.16,50.0,3.36
171,Carroll,0,AU,1562384008,32,-30.99,150.44,68.0,17.22
172,Narsaq,23,GL,1562384008,75,60.91,-46.05,46.4,2.24
173,Zyryanovsk,22,KZ,1562384008,66,49.74,84.27,63.77,3.71
174,Faya,0,SA,1562384008,37,18.39,42.45,71.6,1.45
175,Maltahohe,0,NA,1562384009,36,-24.83,16.98,38.39,4.45
176,Manokwari,83,ID,1562384009,72,-0.87,134.08,79.61,6.73
177,Catabola,13,AO,1562384009,60,-12.14,17.29,50.99,1.61
178,Clyde River,90,CA,1562384009,100,70.47,-68.59,35.6,9.17
179,Marawi,100,PH,1562384009,80,8.0,124.29,84.0,5.01
180,Belomorsk,81,RU,1562384010,88,64.52,34.76,53.51,1.41
181,Los Llanos de Aridane,90,ES,1562384010,83,28.66,-17.92,69.8,8.05
182,Bozuyuk,0,TR,1562384010,82,39.91,30.04,59.0,8.05
183,Iquique,20,CL,1562384010,77,-20.22,-70.14,59.0,3.36
184,Hay River,75,CA,1562384011,56,60.82,-115.79,68.0,5.82
185,Havoysund,90,NO,1562384011,93,71.0,24.66,44.6,16.11
186,Beyla,100,GN,1562384011,98,8.69,-8.65,66.83,0.74
187,Eureka,1,US,1562383955,77,40.8,-124.16,61.0,13.87
188,Tarko-Sale,93,RU,1562384011,73,64.92,77.78,66.0,14.25
189,Zambezi,0,ZM,1562384012,58,-13.55,23.12,49.55,2.53
190,Saint Anthony,1,US,1562384012,31,43.97,-111.68,73.4,6.82
191,Chaozhou,20,CN,1562384012,70,23.66,116.62,89.6,6.71
192,Urubicha,100,BO,1562384013,34,-15.63,-63.08,63.59,6.02
193,Nurota,0,UZ,1562384013,20,40.56,65.69,87.8,4.7
194,Seoul,1,KR,1562384013,40,37.57,126.98,91.4,5.82
195,Caxias,0,BR,1562384013,83,-4.87,-43.35,78.8,4.7
196,Teya,5,MX,1562384014,94,21.05,-89.07,77.0,3.36
197,Saint-Georges,100,CA,1562384014,14,46.12,-70.67,71.01,6.13
198,Gold Coast,40,AU,1562384000,64,-28.0,153.41,69.8,19.46
199,Souillac,0,FR,1562384014,60,45.6,-0.6,73.4,3.36
200,Sayyan,30,YE,1562384014,58,15.17,44.32,74.03,0.22
201,Constitucion,90,MX,1562384015,68,23.99,-104.67,64.4,9.17
202,Leningradskiy,70,RU,1562384015,52,69.38,178.42,59.81,9.51
203,Padang,39,ID,1562384015,75,-0.92,100.36,81.77,7.14
204,Tarbes,90,FR,1562384016,94,43.23,0.08,75.99,9.17
205,Nalbari,75,IN,1562384016,94,26.45,91.44,86.0,5.82
206,Marsa Matruh,0,EG,1562383804,88,31.35,27.25,77.0,12.75
207,Nioro,88,GM,1562384016,71,13.79,-15.05,78.17,8.1
208,Moerai,50,PF,1562384016,71,-22.43,-151.33,69.71,28.61
209,Pidhorodne,75,UA,1562384017,88,48.57,35.1,62.6,4.47
210,Matara,51,BI,1562384017,84,-3.48,29.48,51.17,3.09
211,Gaomi,20,CN,1562384017,65,36.37,119.8,86.0,15.66
212,Turayf,0,SA,1562384017,46,31.68,38.65,73.4,9.17
213,Alakurtti,100,RU,1562384017,95,66.96,30.34,45.0,5.28
214,San Isidro,0,CR,1562384018,56,10.02,-84.06,71.6,13.87
215,Saint George,20,GR,1562384018,82,39.45,22.34,75.99,2.15
216,Sistranda,75,NO,1562384018,93,63.73,8.83,48.2,2.24
217,Port Lincoln,100,AU,1562384018,70,-34.72,135.86,62.69,16.51
218,Natal,20,BR,1562383954,88,-5.81,-35.21,73.4,3.36
219,Tame,99,CO,1562384019,87,6.46,-71.72,54.59,2.82
220,Alexandria,0,RO,1562383792,93,43.97,25.33,64.99,7.07
221,Sittingbourne,0,GB,1562383983,72,51.34,0.73,64.4,5.82
222,Espinosa,0,BR,1562384019,45,-14.92,-42.81,67.91,1.99
223,Waingapu,14,ID,1562384019,57,-9.65,120.26,77.81,17.65
224,Lewisporte,75,CA,1562384019,100,49.25,-55.06,48.99,3.36
225,Hasaki,75,JP,1562384020,88,35.73,140.83,71.6,12.75
226,Victoria,75,BN,1562383910,66,5.28,115.24,89.6,4.7
227,Craig,1,US,1562384020,63,40.52,-107.55,69.8,12.44
228,Klaksvik,100,FO,1562384020,81,62.23,-6.59,44.6,19.46
229,Ambilobe,23,MG,1562384020,72,-13.19,49.05,70.25,6.24
230,Akdepe,0,TM,1562384021,42,42.05,59.39,84.2,16.11
231,Viedma,0,AR,1562384021,78,-40.81,-62.99,38.39,9.44
232,Lodja,0,CD,1562384021,49,-3.52,23.6,68.63,1.21
233,Sherpur,99,BD,1562384021,82,25.02,90.01,83.93,16.89
234,West Wendover,1,US,1562384021,38,40.74,-114.07,75.2,5.82
235,Namatanai,100,PG,1562384022,75,-3.66,152.44,81.23,11.65
236,Kamaishi,75,JP,1562384022,69,39.28,141.86,75.2,5.82
237,Japura,24,ID,1562384022,68,-0.42,102.29,84.29,4.43
238,Kavieng,87,PG,1562384023,71,-2.57,150.8,83.93,9.19
239,Shwebo,100,MM,1562384023,69,22.57,95.7,82.13,20.04
240,Saint-Philippe,1,CA,1562384024,73,45.36,-73.48,79.0,5.82
241,Aklavik,90,CA,1562384024,76,68.22,-135.01,57.2,13.87
242,Sinnamary,100,GF,1562384024,79,5.38,-52.96,80.69,10.0
243,Nome,1,US,1562383732,100,30.04,-94.42,82.99,5.79
244,Itororo,74,BR,1562384024,81,-15.12,-40.07,68.09,3.36
245,Bagan,35,RU,1562384025,59,54.1,77.67,72.59,6.24
246,Acajutla,0,SV,1562383815,69,13.59,-89.83,84.47,6.31
247,Hovd,75,NO,1562384025,93,63.83,10.7,50.0,1.12
248,Banda Aceh,82,ID,1562383934,70,5.56,95.32,83.39,4.18
249,Kitimat,75,CA,1562384025,36,54.02,-128.69,75.2,5.82
250,Nabire,100,ID,1562384026,72,-3.36,135.5,80.69,0.96
251,Bowling Green,1,US,1562383982,88,36.99,-86.44,78.01,3.36
252,Nuevo Ideal,89,MX,1562384026,49,24.89,-105.07,66.29,4.56
253,Vao,70,EE,1562384026,95,59.1,26.19,48.65,4.52
254,Sao Filipe,2,CV,1562384026,85,14.9,-24.5,72.77,16.4
255,Ubinskoye,7,RU,1562384027,81,55.31,79.68,68.27,11.5
256,Linxia,100,CN,1562384027,44,35.6,103.21,64.31,4.92
257,Reconquista,0,AR,1562384027,66,-29.14,-59.64,39.11,2.98
258,Kiama,90,AU,1562384027,67,-34.67,150.86,64.0,8.05
259,Isangel,40,VU,1562384028,58,-19.55,169.27,82.4,17.22
260,Rorvik,100,NO,1562384028,87,64.86,11.24,48.0,14.34
261,Bathsheba,40,BB,1562383783,74,13.22,-59.52,82.4,17.22
262,Ewa Beach,90,US,1562384028,83,21.32,-158.01,84.2,9.17
263,Torbay,90,CA,1562383822,93,47.66,-52.73,52.0,3.36
264,Hilton Head Island,75,US,1562384029,100,32.16,-80.75,78.01,4.99
265,Port Elizabeth,1,US,1562384029,94,39.31,-74.98,79.0,6.87
266,Praia,0,BR,1562384029,82,-20.25,-43.81,64.4,3.36
267,Alyangula,0,AU,1562384029,45,-13.85,136.42,82.4,8.05
268,Boddam,75,GB,1562384030,76,57.47,-1.78,53.01,13.87
269,Georgetown,75,GY,1562384030,94,6.8,-58.16,75.2,2.24
270,Tessalit,0,ML,1562384030,35,20.2,1.01,87.89,7.78
271,Dingli,67,IN,1562384030,51,28.39,75.51,93.11,13.4
272,Boende,38,CD,1562384031,88,-0.28,20.88,72.41,2.39
273,Faanui,95,PF,1562384031,81,-16.48,-151.75,76.91,22.55
274,Vung Tau,1,VN,1562384031,70,10.35,107.08,85.55,7.58
275,Birin,44,NP,1562384031,79,26.89,88.07,71.87,4.83
276,Husavik,100,CA,1562384032,44,50.56,-96.99,64.0,6.78
277,Baykit,98,RU,1562384032,77,61.68,96.39,65.75,6.8
278,Pevek,14,RU,1562384032,68,69.7,170.27,46.13,11.32
279,Besikduzu,40,TR,1562384033,69,41.05,39.23,73.4,6.93
280,Atbasar,98,KZ,1562384037,57,51.81,68.36,70.43,10.25
281,Grindavik,0,IS,1562384038,93,63.84,-22.43,46.99,6.93
282,Pozo Colorado,0,PY,1562384038,77,-23.49,-58.8,45.05,5.03
283,Morondava,0,MG,1562384039,74,-20.3,44.28,70.97,5.19
284,Maraa,2,BR,1562384041,95,-1.83,-65.37,73.85,1.61
285,Havelock,1,US,1562384042,83,34.88,-76.9,81.0,5.82
286,Sorland,100,NO,1562384043,72,67.67,12.69,46.85,6.31
287,Salalah,90,OM,1562384044,94,17.01,54.1,82.4,3.36
288,Limon,90,US,1562384045,43,39.26,-103.69,71.01,18.34
289,Qeshm,20,IR,1562384047,70,26.96,56.27,91.4,2.24
290,Haines Junction,95,CA,1562384047,46,60.75,-137.51,72.77,2.13
291,Arkansas City,20,US,1562384048,88,37.06,-97.04,78.8,9.17
292,Taksimo,42,RU,1562384048,36,56.36,114.84,73.85,6.89
293,Goderich,37,CA,1562384050,91,43.74,-81.71,75.0,7.76
294,Oswego,1,US,1562383930,100,37.17,-95.11,71.6,1.66
295,Lompoc,90,US,1562384050,87,34.64,-120.46,64.99,9.17
296,Sibirskiy,0,RU,1562384050,64,53.58,83.77,71.6,4.47
297,Lubango,0,AO,1562384051,36,-14.92,13.49,61.79,3.2
298,Udachnyy,90,RU,1562384051,71,66.42,112.4,51.8,4.47
299,Parauna,49,ID,1562384051,61,-3.82,122.09,81.23,3.67
300,Ust-Maya,75,RU,1562384051,85,60.42,134.54,63.05,9.42
301,Berlevag,100,NO,1562384052,96,70.86,29.09,44.33,10.42
302,Leua,0,AO,1562384052,58,-11.65,20.45,52.79,4.21
303,San Cristobal,0,HN,1562384055,77,14.68,-86.92,68.09,5.59
304,Fortuna,90,US,1562384056,82,40.6,-124.16,61.0,9.17
305,Vila Franca do Campo,20,PT,1562384058,82,37.72,-25.43,60.8,2.24
306,Mattoon,1,US,1562383954,94,39.48,-88.38,75.99,4.7
307,Fairbanks,1,US,1562384058,32,64.84,-147.72,82.4,6.93
308,Pili,75,PH,1562384058,69,13.56,123.27,85.37,8.57
309,Enshi,100,CN,1562384058,61,30.29,109.48,76.37,4.05
310,Solnechnyy,100,RU,1562384059,54,50.72,136.64,76.91,4.09
311,Jacala,100,MX,1562384059,97,21.0,-99.19,61.61,3.67
312,Cancun,75,MX,1562383880,78,21.17,-86.85,82.4,4.7
313,Guerrero Negro,0,MX,1562384059,87,27.97,-114.04,64.67,19.26
314,Masty,20,BY,1562384059,81,53.42,24.54,48.2,8.95
315,Ostroleka,0,PL,1562384060,93,53.09,21.58,53.01,4.7
316,Strezhevoy,0,RU,1562384060,68,60.73,77.6,68.0,8.95
317,Martapura,4,ID,1562384060,61,-3.41,114.85,86.45,4.94
318,Vaitape,95,PF,1562384061,81,-16.52,-151.75,76.91,22.55
319,Baculin,100,PH,1562384061,68,7.45,126.58,83.39,5.3
320,Filadelfia,0,PY,1562384062,70,-22.35,-60.04,47.57,5.59
321,Imperia,5,IT,1562384062,100,43.88,8.02,75.2,3.36
322,Trat,40,TH,1562384062,79,12.25,102.51,91.0,4.7
323,Corrales,100,CO,1562384062,96,5.83,-72.84,46.67,5.41
324,Turukhansk,100,RU,1562384063,68,65.8,87.96,71.15,7.78
325,Dzaoudzi,90,YT,1562384063,88,-12.79,45.27,78.8,10.29
326,Grande Prairie,75,CA,1562384053,82,55.17,-118.79,59.0,4.7
327,Roald,0,NO,1562384063,93,62.58,6.12,46.99,6.93
328,Sitka,55,US,1562384063,84,37.17,-99.65,66.83,33.87
329,Monreal,1,DE,1562384064,76,50.3,7.16,60.8,3.31
330,Ahualulco,20,MX,1562384064,40,22.4,-101.17,68.0,4.7
331,Dalbandin,0,PK,1562384064,8,28.9,64.41,89.15,5.57
332,Inuvik,90,CA,1562384065,76,68.36,-133.71,57.2,13.87
333,Dogondoutchi,33,NE,1562384065,58,13.64,4.03,83.93,5.46
334,Yingcheng,40,CN,1562384066,66,30.93,113.57,87.8,6.71
335,Ostrovnoy,100,RU,1562384066,94,68.05,39.51,47.75,8.28
336,Pisco,90,PE,1562384066,77,-13.71,-76.2,64.4,6.93
337,Antofagasta,90,CL,1562383808,76,-23.65,-70.4,57.2,1.12
338,Posse,0,BR,1562384067,43,-14.08,-46.36,70.61,1.86
339,Bambanglipuro,29,ID,1562384067,79,-7.95,110.28,77.27,19.22
340,Balgazyn,0,RU,1562384067,63,51.0,95.2,66.29,5.08
341,Prince George,40,CA,1562383802,48,53.92,-122.75,68.0,9.17
342,Kaitangata,44,NZ,1562384068,78,-46.28,169.85,48.47,7.16
343,Lac du Bonnet,100,CA,1562384068,48,50.25,-96.06,64.0,8.34
344,Zabol,0,IR,1562384068,23,31.03,61.49,87.8,33.33
345,Lazaro Cardenas,40,MX,1562384070,39,28.39,-105.62,78.8,10.29
346,Severo-Kurilsk,84,RU,1562384071,94,50.68,156.12,42.89,18.92
347,Kailua,90,US,1562384073,83,21.39,-157.74,84.2,9.17
348,Whitehorse,20,CA,1562384075,47,60.72,-135.06,78.01,4.7
349,Sao Jose da Coroa Grande,0,BR,1562384075,94,-8.9,-35.15,69.89,4.47
350,Sorong,99,ID,1562384076,89,-0.86,131.25,79.25,6.89
351,Kutum,38,SD,1562384077,55,14.2,24.66,77.27,11.74
352,Santiago del Estero,0,AR,1562384046,61,-27.8,-64.26,45.59,6.55
353,Darlawn,100,IN,1562384079,97,24.02,92.93,77.27,1.45
354,Tyrma,89,RU,1562384079,49,50.04,132.17,79.97,3.71
355,Monclova,100,MX,1562384079,48,26.9,-101.42,86.63,6.08
356,Tuatapere,72,NZ,1562384081,80,-46.13,167.69,52.0,8.01
357,Adrar,0,DZ,1562384082,11,27.87,-0.29,89.6,17.22
358,Rocha,35,UY,1562384082,76,-34.48,-54.34,41.99,8.81
359,Broome,0,GB,1562384083,93,52.47,1.45,60.01,3.36
360,Dallas,1,US,1562383797,74,32.78,-96.8,88.0,3.36
361,Aquiraz,40,BR,1562383808,74,-3.9,-38.39,86.0,5.82
362,Lagunas,47,PE,1562384085,92,-5.23,-75.68,72.77,2.68
363,Stephenville,20,CA,1562384087,82,48.55,-58.59,59.0,4.7
364,Srednekolymsk,100,RU,1562384088,68,67.46,153.71,62.69,13.76
365,Saint-Louis,95,SN,1562384089,83,16.03,-16.5,73.13,9.17
366,Great Yarmouth,31,GB,1562384090,93,52.61,1.73,59.0,3.36
367,Erzin,0,TR,1562384090,69,36.95,36.2,79.0,17.22
368,Pangnirtung,90,CA,1562384090,100,66.15,-65.72,37.4,12.75
369,Aransas Pass,40,US,1562384091,79,27.91,-97.15,84.2,13.87
370,Semiletka,0,RU,1562384091,87,55.36,54.62,53.33,10.33
371,Pemba,20,MZ,1562384092,88,-12.97,40.52,68.0,8.05
372,Charters Towers,73,AU,1562384092,68,-20.07,146.27,69.53,4.5
373,Marsh Harbour,26,BS,1562384092,78,26.54,-77.06,83.75,13.11
374,Brigantine,1,US,1562383874,91,39.41,-74.36,79.0,5.82
375,Pitsunda,0,GE,1562384093,82,43.16,40.34,68.0,11.18
376,Noumea,75,NC,1562384093,83,-22.28,166.46,69.8,21.92
377,Chiredzi,67,ZW,1562384093,80,-21.05,31.67,62.15,8.14
378,Nemuro,75,JP,1562384093,88,43.32,145.57,64.4,8.05
379,Paamiut,28,GL,1562384094,77,61.99,-49.67,43.97,5.01
380,Ladushkin,0,RU,1562384094,87,54.57,20.17,51.8,11.18
381,Burgeo,100,CA,1562384094,77,47.61,-57.61,56.21,6.29
382,Iberia,40,PE,1562384094,87,-11.41,-69.49,65.93,6.44
383,Dubti,40,ET,1562384094,31,11.74,41.09,90.95,2.13
384,Mastic Beach,90,US,1562384095,94,40.77,-72.85,78.01,8.05
385,Illela,1,NG,1562384095,67,12.25,4.3,81.05,7.29
386,Riyadh,0,SA,1562384095,12,24.63,46.72,84.2,4.7
387,Chinhoyi,0,ZW,1562384095,72,-17.36,30.19,49.19,6.08
388,Mount Airy,1,US,1562384095,88,39.38,-77.15,80.01,3.2
389,Porto Walter,78,BR,1562384096,92,-8.27,-72.74,71.87,1.7
390,Lasa,0,CY,1562384096,68,34.92,32.53,73.4,6.93
391,Agropoli,0,IT,1562384096,10,40.35,15.0,75.0,4.23
392,Hami,100,CN,1562384096,27,42.84,93.51,83.57,13.65
393,Kaisiadorys,90,LT,1562384065,76,54.87,24.45,53.6,13.87
394,Kavaratti,40,IN,1562384097,74,10.57,72.64,86.0,16.11
395,Barkhan,0,PK,1562384097,34,29.9,69.52,86.99,11.7
396,Cap Malheureux,40,MU,1562384097,69,-19.98,57.61,73.4,10.29
397,Magadan,100,RU,1562384097,88,59.56,150.8,45.95,7.07
398,Kurumkan,0,RU,1562384097,32,54.33,110.32,70.43,2.98
399,Labuhan,0,ID,1562384098,51,-2.54,115.51,88.79,2.35
400,Kaohsiung,75,TW,1562384003,79,22.62,120.31,87.8,2.24
401,Niksic,0,ME,1562384098,88,42.77,18.95,75.2,1.12
402,Pryazha,100,RU,1562384098,87,61.69,33.62,55.4,2.24
403,Port Keats,0,AU,1562384092,27,-14.25,129.55,83.39,5.99
404,Burns Lake,36,CA,1562383965,53,54.23,-125.76,62.87,4.74
405,Saravan,40,AM,1562384098,45,39.72,45.65,68.0,4.7
406,Lorengau,22,PG,1562384099,67,-2.02,147.27,84.11,4.03
407,Auki,100,NG,1562384099,81,12.18,6.51,75.65,4.79
408,Aguimes,20,ES,1562384099,77,27.91,-15.45,69.8,18.34
409,Beipiao,100,CN,1562384100,81,41.8,120.76,70.07,11.92
410,Port Hardy,90,CA,1562383946,77,50.7,-127.42,60.8,10.29
411,Atasu,63,KZ,1562384100,31,48.68,71.64,80.87,18.63
412,Mayo,40,CA,1562384100,28,63.59,-135.9,80.6,12.75
413,Fengzhen,0,CN,1562384100,36,40.43,113.15,63.23,18.97
414,Cambridge,90,CA,1562383851,88,43.39,-80.31,78.01,5.82
415,Richards Bay,22,ZA,1562384101,78,-28.77,32.06,61.97,8.59
416,Trelew,0,AR,1562384101,68,-43.25,-65.31,40.01,10.74
417,Brae,71,GB,1562384101,93,60.4,-1.35,50.0,20.8
418,Barwadih,1,IN,1562384102,52,26.9,84.87,94.37,11.05
419,Bam,0,IR,1562384102,14,29.11,58.36,74.03,5.12
420,Vanavara,100,RU,1562384102,65,60.35,102.28,71.15,11.48
421,Xining,20,CN,1562383837,47,36.62,101.77,59.09,6.13
422,Vila Velha,40,BR,1562384102,74,-3.71,-38.6,86.0,5.82
423,Bafq,55,IR,1562384103,13,31.6,55.4,81.77,4.0
424,Muros,0,ES,1562384103,93,42.77,-9.06,63.0,2.24
425,Maningrida,0,AU,1562384103,29,-12.05,134.23,83.39,8.14
426,Borger,90,NL,1562384103,93,52.92,6.79,61.0,4.7
427,Mahuva,60,IN,1562384103,72,21.09,71.76,84.65,12.24
428,Papara,40,BR,1562384104,74,-3.98,-38.73,86.0,5.82
429,Krasnyy,71,RU,1562384104,80,53.81,40.7,56.21,12.64
430,Santa Maria da Boa Vista,0,BR,1562384104,52,-8.8,-39.83,78.89,14.32
431,Kieta,100,PG,1562384104,71,-6.22,155.63,84.29,15.84
432,Lata,19,IN,1562384105,82,30.78,78.62,49.55,4.32
433,Erenhot,0,CN,1562384105,27,43.65,111.97,70.61,12.57
434,Santa Isabel do Rio Negro,2,BR,1562384105,91,-0.41,-65.02,74.21,2.06
435,Dongsheng,100,CN,1562384105,69,29.72,112.52,86.09,3.62
436,Santa Luzia,0,BR,1562384105,82,-19.77,-43.85,64.4,3.36
437,Khipro,0,PK,1562384106,61,25.83,69.38,88.25,20.11
438,Vilyuysk,10,RU,1562384106,70,63.75,121.63,59.81,11.86
439,Beringovskiy,100,RU,1562384106,64,63.05,179.32,59.27,10.04
440,Pendleton,40,US,1562384106,94,34.65,-82.78,80.01,4.7
441,Contamana,52,PE,1562384107,84,-7.35,-75.01,73.31,1.81
442,Cacu,12,BR,1562383977,69,-18.56,-51.13,53.33,6.17
443,Kruisfontein,30,ZA,1562384107,51,-34.0,24.73,49.19,8.86
444,Vardo,1,US,1562384107,94,39.62,-77.74,77.0,3.96
445,Hambantota,75,LK,1562384107,84,6.12,81.12,86.0,14.99
446,Pacific Grove,90,US,1562383832,82,36.62,-121.92,70.0,9.17
447,Yulara,13,AU,1562384108,23,-25.24,130.99,73.4,12.75
448,Benghazi,0,LY,1562384108,86,32.12,20.07,76.19,9.66
449,Ibotirama,0,BR,1562384108,58,-12.18,-43.22,72.05,0.72
450,Nadym,28,RU,1562384108,51,65.53,72.51,64.13,16.87
451,Danshui,40,CN,1562384108,79,22.81,114.46,95.0,11.18
452,Akdagmadeni,38,TR,1562384109,96,39.66,35.88,55.85,4.07
453,Waipawa,100,NZ,1562384109,91,-39.94,176.59,46.0,3.0
454,Verkh-Usugli,0,RU,1562384109,28,52.7,115.17,83.21,1.77
455,Ajdabiya,0,LY,1562384109,89,30.75,20.22,75.47,8.97
456,Cordoba,16,AR,1562383961,80,-27.78,-67.24,40.55,0.65
457,Luang Prabang,75,LA,1562384110,74,19.89,102.14,84.2,4.7
458,Harper,1,US,1562384110,74,30.3,-99.24,82.4,9.17
459,Kamen-Rybolov,65,RU,1562384110,75,44.75,132.04,71.33,12.8
460,Karlstad,100,SE,1562384111,93,59.38,13.5,51.01,1.48
461,Axim,74,GH,1562384111,90,4.87,-2.24,75.47,8.63
462,Ordu,40,TR,1562384111,68,40.98,37.88,71.6,6.85
463,Aberdeen,75,US,1562383864,82,46.98,-123.82,64.4,9.17
464,Fort Saint James,89,CA,1562384112,53,54.43,-124.25,64.49,4.85
465,Adelaide,0,AU,1562384100,43,-34.93,138.6,71.6,18.34
466,Roxana,0,CR,1562384112,56,10.27,-83.75,71.6,13.87
467,Tezu,98,IN,1562384112,88,27.93,96.16,79.43,0.45
468,Gizo,75,IL,1562384112,69,31.8,34.94,75.2,4.7
469,Dhidhdhoo,100,MV,1562384113,76,6.88,73.1,84.11,13.44
470,Pierre,90,US,1562384113,88,44.37,-100.35,69.01,12.75
471,Cedar City,1,US,1562383823,23,37.68,-113.06,73.4,5.82
472,Opuwo,0,NA,1562384113,19,-18.06,13.84,54.77,7.07
473,Tateyama,75,JP,1562384114,73,36.66,137.31,79.0,9.17
474,Eirunepe,67,BR,1562384114,96,-6.66,-69.87,73.13,1.45
475,Thinadhoo,100,MV,1562384088,75,0.53,72.93,83.93,9.66
476,Jackville,20,CI,1562384114,94,5.21,-4.42,77.0,4.7
477,Concarneau,0,FR,1562384114,77,47.88,-3.92,64.4,5.82
478,Camacha,40,PT,1562384114,77,33.08,-16.33,68.0,11.41
479,Namibe,0,AO,1562384115,78,-15.19,12.15,68.63,3.06
480,Avera,1,US,1562384115,94,33.19,-82.53,75.99,5.82
481,Mandiana,94,GN,1562384115,93,10.62,-8.7,72.23,3.6
482,Tautira,40,PF,1562384115,69,-17.73,-149.15,78.8,9.17
483,Orsha,0,BY,1562384116,87,54.51,30.43,48.2,6.71
484,Tomatlan,100,MX,1562384116,81,19.93,-105.25,81.77,6.89
485,Grafton,40,AU,1562384116,88,-29.69,152.93,64.99,5.82
486,Kilindoni,86,TZ,1562384116,79,-7.91,39.67,77.99,15.93
487,Manali,0,IN,1562384117,54,32.25,77.19,44.51,3.56
488,Salta,75,AR,1562384117,87,-24.79,-65.41,48.2,4.7
489,Necochea,1,AR,1562384117,86,-38.55,-58.74,39.0,1.99
490,Tall Kayf,0,TR,1562384117,29,37.08,41.07,75.2,4.7
491,Port Hedland,6,AU,1562384117,36,-20.31,118.58,77.0,14.99
492,Margate,20,AU,1562384084,66,-43.03,147.26,55.4,6.93
493,Tucuman,0,PE,1562384118,51,-17.17,-70.89,47.75,1.57
494,Pangody,0,RU,1562384118,47,65.85,74.49,62.33,20.69
495,Tabuk,76,PH,1562384118,61,17.41,121.44,79.25,5.23
496,Lagoa,0,PT,1562384118,82,37.14,-8.45,64.4,9.17
497,Buala,100,SB,1562384119,76,-8.15,159.59,83.03,12.21
498,Monroe,75,US,1562384119,94,41.91,-83.4,79.0,4.36
499,Melton,75,AU,1562384119,51,-37.68,144.58,66.0,17.22
500,Tynda,6,RU,1562384119,37,55.15,124.74,76.01,7.81
501,Wahiawa,90,US,1562384120,83,21.5,-158.02,84.2,9.17
502,Russell,75,US,1562384051,64,38.9,-98.86,77.0,4.7
503,Macas,100,EC,1562384120,99,-2.3,-78.12,48.11,4.52
504,Rancho Palos Verdes,40,US,1562384120,88,33.75,-118.37,72.0,17.22
505,Villarrica,0,CL,1562384120,86,-39.28,-72.23,41.0,4.7
506,Bonthe,100,SL,1562384121,93,7.53,-12.5,75.47,8.19
507,Peniche,75,PT,1562383879,88,39.36,-9.38,64.99,3.36
508,Severo-Yeniseyskiy,66,RU,1562384121,60,60.37,93.04,68.45,13.47
509,San Quintin,46,PH,1562384122,73,17.54,120.52,85.37,10.42
510,Northam,40,AU,1562384122,76,-31.65,116.67,57.2,8.05
511,Touros,40,BR,1562384122,94,-5.2,-35.46,73.4,3.36
512,Bara,95,NG,1562384122,81,10.41,10.6,75.83,3.49
513,Boden,100,SE,1562384122,93,65.83,21.69,50.0,12.75
514,Beloha,0,MG,1562384123,89,-25.17,45.06,60.17,2.57
515,Tortoli,5,IT,1562384123,83,39.93,9.66,77.0,8.05
516,Lafiagi,44,NG,1562384123,97,8.85,5.42,71.51,3.42
517,Michigan City,90,US,1562383828,47,41.71,-86.9,81.0,3.36
